-0.194526482850123,-0.980600864428575,0.024112074815150
-0.195041945911493,-0.980497459411342,0.024153083094343
-0.195559410456624,-0.980393369444198,0.024194175574089
-0.196078887534882,-0.980288588909033,0.024235352644846
-0.196600388269994,-0.980183112133044,0.024276614699488
-0.197123923860618,-0.980076933388127,0.024317962133323
-0.197649505580909,-0.979970046890256,0.024359395344113
-0.198177144781099,-0.979862446798860,0.024400914732094
-0.198706852888075,-0.979754127216184,0.024442520699990
-0.199238641405965,-0.979645082186655,0.024484213653035
-0.199772521916723,-0.979535305696223,0.024525993998993
-0.200308506080729,-0.979424791671711,0.024567862148175
-0.200846605637380,-0.979313533980143,0.024609818513459
-0.201386832405701,-0.979201526428072,0.024651863510311
-0.201929198284945,-0.979088762760897,0.024693997556803
-0.202473715255210,-0.978975236662168,0.024736221073632
-0.203020395378052,-0.978860941752891,0.024778534484145
-0.203569250797113,-0.978745871590814,0.024820938214351
-0.204120293738740,-0.978630019669708,0.024863432692949
-0.204673536512624,-0.978513379418646,0.024906018351346
-0.205228991512426,-0.978395944201257,0.024948695623675
-0.205786671216431,-0.978277707314989,0.024991464946820
-0.206346588188183,-0.978158661990348,0.025034326760433
-0.206908755077141,-0.978038801390133,0.025077281506960
-0.207473184619333,-0.977918118608664,0.025120329631657
-0.208039889638018,-0.977796606670995,0.025163471582616
-0.208608883044351,-0.977674258532120,0.025206707810784
-0.209180177838055,-0.977551067076168,0.025250038769986
-0.209753787108093,-0.977427025115588,0.025293464916948
-0.210329724033355,-0.977302125390323,0.025336986711317
-0.210908001883338,-0.977176360566976,0.025380604615685
-0.211488634018842,-0.977049723237957,0.025424319095610
-0.212071633892662,-0.976922205920634,0.025468130619642
-0.212657015050293,-0.976793801056456,0.025512039659344
-0.213244791130634,-0.976664501010079,0.025556046689312
-0.213834975866702,-0.976534298068470,0.025600152187205
-0.214427583086349,-0.976403184440007,0.025644356633764
-0.215022626712982,-0.976271152253566,0.025688660512835
-0.215620120766293,-0.976138193557590,0.025733064311398
-0.216220079362992,-0.976004300319153,0.025777568519585
-0.216822516717543,-0.975869464423012,0.025822173630708
-0.217427447142912,-0.975733677670640,0.025866880141283
-0.218034885051311,-0.975596931779254,0.025911688551052
-0.218644844954956,-0.975459218380826,0.025956599363014
-0.219257341466827,-0.975320529021079,0.026001613083442
-0.219872389301431,-0.975180855158481,0.026046730221915
-0.220490003275575,-0.975040188163210,0.026091951291340
-0.221110198309140,-0.974898519316116,0.026137276807979
-0.221732989425865,-0.974755839807671,0.026182707291473
-0.222358391754134,-0.974612140736895,0.026228243264872
-0.222986420527768,-0.974467413110279,0.026273885254657
-0.223617091086822,-0.974321647840685,0.026319633790767
-0.224250418878393,-0.974174835746240,0.026365489406628
-0.224886419457424,-0.974026967549209,0.026411452639181
-0.225525108487525,-0.973878033874853,0.026457524028902
-0.226166501741788,-0.973728025250280,0.026503704119838
-0.226810615103617,-0.973576932103269,0.026549993459630
-0.227457464567557,-0.973424744761088,0.026596392599538
-0.228107066240136,-0.973271453449295,0.026642902094476
-0.228759436340702,-0.973117048290515,0.026689522503035
-0.229414591202276,-0.972961519303214,0.026736254387512
-0.230072547272406,-0.972804856400446,0.026783098313940
-0.230733321114022,-0.972647049388588,0.026830054852114
-0.231396929406310,-0.972488087966057,0.026877124575624
-0.232063388945577,-0.972327961722012,0.026924308061881
-0.232732716646129,-0.972166660135036,0.026971605892148
-0.233404929541155,-0.972004172571803,0.027019018651568
-0.234080044783613,-0.971840488285722,0.027066546929196
-0.234758079647128,-0.971675596415575,0.027114191318027
-0.235439051526885,-0.971509485984118,0.027161952415028
-0.236122977940538,-0.971342145896684,0.027209830821166
-0.236809876529123,-0.971173564939753,0.027257827141441
-0.237499765057969,-0.971003731779505,0.027305941984918
-0.238192661417622,-0.970832634960362,0.027354175964753
-0.238888583624774,-0.970660262903497,0.027402529698230
-0.239587549823194,-0.970486603905339,0.027451003806790
-0.240289578284667,-0.970311646136041,0.027499598916062
-0.240994687409938,-0.970135377637940,0.027548315655897
-0.241702895729663,-0.969957786323995,0.027597154660398
-0.242414221905362,-0.969778859976195,0.027646116567955
-0.243128684730379,-0.969598586243955,0.027695202021276
-0.243846303130852,-0.969416952642487,0.027744411667418
-0.244567096166681,-0.969233946551147,0.027793746157826
-0.245291083032502,-0.969049555211766,0.027843206148360
-0.246018283058678,-0.968863765726950,0.027892792299331
-0.246748715712274,-0.968676565058363,0.027942505275536
-0.247482400598063,-0.968487940024986,0.027992345746291
-0.248219357459512,-0.968297877301347,0.028042314385463
-0.248959606179793,-0.968106363415737,0.028092411871509
-0.249703166782785,-0.967913384748396,0.028142638887507
-0.250450059434094,-0.967718927529667,0.028192996121190
-0.251200304442065,-0.967522977838143,0.028243484264986
-0.251953922258808,-0.967325521598769,0.028294104016049
-0.252710933481227,-0.967126544580936,0.028344856076293
-0.253471358852048,-0.966926032396533,0.028395741152435
-0.254235219260864,-0.966723970497983,0.028446759956023
-0.255002535745172,-0.966520344176251,0.028497913203475
-0.255773329491421,-0.966315138558822,0.028549201616119
-0.256547621836065,-0.966108338607648,0.028600625920222
-0.257325434266617,-0.965899929117080,0.028652186847033
-0.258106788422711,-0.965689894711753,0.028703885132819
-0.258891706097165,-0.965478219844460,0.028755721518898
-0.259680209237053,-0.965264888793985,0.028807696751680
-0.260472319944774,-0.965049885662911,0.028859811582707
-0.261268060479132,-0.964833194375399,0.028912066768683
-0.262067453256415,-0.964614798674930,0.028964463071518
-0.262870520851482,-0.964394682122025,0.029017001258367
-0.263677285998847,-0.964172828091930,0.029069682101661
-0.264487771593777,-0.963949219772263,0.029122506379155
-0.265302000693381,-0.963723840160639,0.029175474873958
-0.266119996517713,-0.963496672062256,0.029228588374579
-0.266941782450873,-0.963267698087448,0.029281847674960
-0.267767382042109,-0.963036900649209,0.029335253574520
-0.268596819006929,-0.962804261960673,0.029388806878192
-0.269430117228207,-0.962569764032571,0.029442508396460
-0.270267300757300,-0.962333388670645,0.029496358945406
-0.271108393815159,-0.962095117473030,0.029550359346742
-0.271953420793450,-0.961854931827595,0.029604510427854
-0.272802406255672,-0.961612812909255,0.029658813021841
-0.273655374938279,-0.961368741677239,0.029713267967558
-0.274512351751800,-0.961122698872322,0.029767876109651
-0.275373361781969,-0.960874665014021,0.029822638298603
-0.276238430290847,-0.960624620397749,0.029877555390769
-0.277107582717948,-0.960372545091933,0.029932628248424
-0.277980844681370,-0.960118418935086,0.029987857739798
-0.278858241978919,-0.959862221532847,0.030043244739118
-0.279739800589240,-0.959603932254972,0.030098790126653
-0.280625546672947,-0.959343530232286,0.030154494788748
-0.281515506573748,-0.959080994353597,0.030210359617873
-0.282409706819574,-0.958816303262560,0.030266385512660
-0.283308174123708,-0.958549435354500,0.030322573377945
-0.284210935385909,-0.958280368773193,0.030378924124809
-0.285118017693537,-0.958009081407600,0.030435438670624
-0.286029448322681,-0.957735550888559,0.030492117939086
-0.286945254739273,-0.957459754585422,0.030548962860265
-0.287865464600212,-0.957181669602656,0.030605974370642
-0.288790105754481,-0.956901272776391,0.030663153413154
-0.289719206244259,-0.956618540670921,0.030720500937232
-0.290652794306032,-0.956333449575154,0.030778017898844
-0.291590898371698,-0.956045975499019,0.030835705260539
-0.292533547069677,-0.955756094169813,0.030893563991486
-0.293480769225999,-0.955463781028508,0.030951595067515
-0.294432593865407,-0.955169011225996,0.031009799471164
-0.295389050212439,-0.954871759619291,0.031068178191712
-0.296350167692514,-0.954572000767673,0.031126732225229
-0.297315975933008,-0.954269708928776,0.031185462574611
-0.298286504764325,-0.953964858054628,0.031244370249624
-0.299261784220956,-0.953657421787632,0.031303456266947
-0.300241844542541,-0.953347373456488,0.031362721650209
-0.301226716174912,-0.953034686072064,0.031422167430031
-0.302216429771129,-0.952719332323209,0.031481794644071
-0.303211016192519,-0.952401284572498,0.031541604337058
-0.304210506509687,-0.952080514851933,0.031601597560836
-0.305214932003529,-0.951756994858573,0.031661775374406
-0.306224324166234,-0.951430695950103,0.031722138843960
-0.307238714702266,-0.951101589140350,0.031782689042926
-0.308258135529346,-0.950769645094728,0.031843427052007
-0.309282618779406,-0.950434834125621,0.031904353959217
-0.310312196799549,-0.950097126187708,0.031965470859922
-0.311346902152975,-0.949756490873213,0.032026778856877
-0.312386767619908,-0.949412897407095,0.032088279060268
-0.313431826198498,-0.949066314642176,0.032149972587743
-0.314482111105712,-0.948716711054186,0.032211860564457
-0.315537655778201,-0.948364054736754,0.032273944123103
-0.316598493873163,-0.948008313396324,0.032336224403950
-0.317664659269168,-0.947649454346998,0.032398702554882
-0.318736186066983,-0.947287444505313,0.032461379731429
-0.319813108590363,-0.946922250384935,0.032524257096805
-0.320895461386827,-0.946553838091296,0.032587335821941
-0.321983279228409,-0.946182173316141,0.032650617085518
-0.323076597112390,-0.945807221332006,0.032714102074005
-0.324175450262001,-0.945428946986623,0.032777791981683
-0.325279874127103,-0.945047314697240,0.032841688010685
-0.326389904384846,-0.944662288444869,0.032905791371024
-0.327505576940289,-0.944273831768451,0.032970103280621
-0.328626927927007,-0.943881907758941,0.033034624965339
-0.329753993707651,-0.943486479053312,0.033099357659006
-0.330886810874498,-0.943087507828479,0.033164302603451
-0.332025416249950,-0.942684955795133,0.033229461048523
-0.333169846887014,-0.942278784191498,0.033294834252120
-0.334320140069740,-0.941868953776994,0.033360423480217
-0.335476333313630,-0.941455424825822,0.033426230006884
-0.336638464365999,-0.941038157120454,0.033492255114316
-0.337806571206317,-0.940617109945035,0.033558500092846
-0.338980692046488,-0.940192242078702,0.033624966240975
-0.340160865331111,-0.939763511788802,0.033691654865385
-0.341347129737681,-0.939330876824021,0.033758567280958
-0.342539524176757,-0.938894294407424,0.033825704810797
-0.343738087792078,-0.938453721229394,0.033893068786234
-0.344942859960638,-0.938009113440481,0.033960660546852
-0.346153880292706,-0.937560426644148,0.034028481440492
-0.347371188631802,-0.937107615889424,0.034096532823265
-0.348594825054616,-0.936650635663457,0.034164816059564
-0.349824829870874,-0.936189439883963,0.034233332522068
-0.351061243623155,-0.935723981891577,0.034302083591751
-0.352304107086637,-0.935254214442105,0.034371070657882
-0.353553461268797,-0.934780089698660,0.034440295118033
-0.354809347409045,-0.934301559223709,0.034509758378076
-0.356071806978288,-0.933818573970999,0.034579461852180
-0.357340881678440,-0.933331084277386,0.034649406962810
-0.358616613441856,-0.932839039854550,0.034719595140721
-0.359899044430701,-0.932342389780604,0.034790027824947
-0.361188217036240,-0.931841082491589,0.034860706462793
-0.362484173878063,-0.931335065772860,0.034931632509823
-0.363786957803229,-0.930824286750352,0.035002807429841
-0.365096611885324,-0.930308691881745,0.035074232694877
-0.366413179423452,-0.929788226947497,0.035145909785164
-0.367736703941130,-0.929262837041775,0.035217840189116
-0.369067229185095,-0.928732466563257,0.035290025403300
-0.370404799124034,-0.928197059205823,0.035362466932410
-0.371749457947209,-0.927656557949121,0.035435166289233
-0.373101250062994,-0.927110905049012,0.035508124994610
-0.374460220097306,-0.926560042027898,0.035581344577406
-0.375826412891949,-0.926003909664919,0.035654826574459
-0.377199873502838,-0.925442447986029,0.035728572530543
-0.378580647198125,-0.924875596253946,0.035802583998310
-0.379968779456216,-0.924303292957980,0.035876862538245
-0.381364315963666,-0.923725475803721,0.035951409718606
-0.382767302612963,-0.923142081702610,0.036026227115363
-0.384177785500191,-0.922553046761378,0.036101316312135
-0.385595810922567,-0.921958306271344,0.036176678900120
-0.387021425375850,-0.921357794697599,0.036252316478023
-0.388454675551622,-0.920751445668037,0.036328230651976
-0.389895608334429,-0.920139191962271,0.036404423035458
-0.391344270798782,-0.919520965500399,0.036480895249207
-0.392800710206023,-0.918896697331644,0.036557648921128
-0.394264974001032,-0.918266317622856,0.036634685686196
-0.395737109808794,-0.917629755646869,0.036712007186353
-0.397217165430798,-0.916986939770733,0.036789615070400
-0.398705188841287,-0.916337797443797,0.036867510993884
-0.400201228183333,-0.915682255185657,0.036945696618980
-0.401705331764750,-0.915020238573959,0.037024173614364
-0.403217548053831,-0.914351672232071,0.037102943655082
-0.404737925674900,-0.913676479816601,0.037182008422412
-0.406266513403687,-0.912994584004783,0.037261369603723
-0.407803360162513,-0.912305906481717,0.037341028892319
-0.409348515015274,-0.911610367927464,0.037420987987287
-0.410902027162232,-0.910907888004001,0.037501248593327
-0.412463945934598,-0.910198385342034,0.037581812420584
-0.414034320788904,-0.909481777527658,0.037662681184465
-0.415613201301158,-0.908757981088887,0.037743856605453
-0.417200637160779,-0.908026911482028,0.037825340408914
-0.418796678164296,-0.907288483077916,0.037907134324888
-0.420401374208826,-0.906542609148007,0.037989240087882
-0.422014775285292,-0.905789201850323,0.038071659436645
-0.423636931471415,-0.905028172215253,0.038154394113942
-0.425267892924435,-0.904259430131216,0.038237445866312
-0.426907709873580,-0.903482884330176,0.038320816443821
-0.428556432612260,-0.902698442373016,0.038404507599802
-0.430214111490002,-0.901906010634771,0.038488521090588
-0.431880796904082,-0.901105494289717,0.038572858675235
-0.433556539290888,-0.900296797296325,0.038657522115227
-0.435241389116968,-0.899479822382070,0.038742513174182
-0.436935396869795,-0.898654471028105,0.038827833617537
-0.438638613048196,-0.897820643453799,0.038913485212225
-0.440351088152483,-0.896978238601132,0.038999469726342
-0.442072872674241,-0.896127154118966,0.039085788928796
-0.443804017085789,-0.895267286347179,0.039172444588952
-0.445544571829288,-0.894398530300663,0.039259438476255
-0.447294587305503,-0.893520779653200,0.039346772359847
-0.449054113862199,-0.892633926721210,0.039434448008167
-0.450823201782165,-0.891737862447372,0.039522467188537
-0.452601901270859,-0.890832476384125,0.039610831666733
-0.454390262443663,-0.889917656677050,0.039699543206544
-0.456188335312737,-0.888993290048129,0.039788603569314
-0.457996169773468,-0.888059261778906,0.039878014513469
-0.459813815590493,-0.887115455693519,0.039967777794027
-0.461641322383298,-0.886161754141637,0.040057895162092
-0.463478739611377,-0.885198037981293,0.040148368364333
-0.465326116558938,-0.884224186561617,0.040239199142441
-0.467183502319151,-0.883240077705468,0.040330389232578
-0.469050945777921,-0.882245587691989,0.040421940364793
-0.470928495597184,-0.881240591239064,0.040513854262436
-0.472816200197702,-0.880224961485702,0.040606132641537
-0.474714107741355,-0.879198569974340,0.040698777210180
-0.476622266112920,-0.878161286633087,0.040791789667844
-0.478540722901311,-0.877112979757890,0.040885171704733
-0.480469525380289,-0.876053515994654,0.040978925001080
-0.482408720488609,-0.874982760321307,0.041073051226432
-0.484358354809606,-0.873900576029823,0.041167552038907
-0.486318474550200,-0.872806824708204,0.041262429084439
-0.488289125519313,-0.871701366222442,0.041357683995986
-0.490270353105674,-0.870584058698451,0.041453318392728
-0.492262202255013,-0.869454758503993,0.041549333879230
-0.494264717446619,-0.868313320230597,0.041645732044586
-0.496277942669257,-0.867159596675490,0.041742514461532
-0.498301921396420,-0.865993438823534,0.041839682685540
-0.500336696560913,-0.864814695829199,0.041937238253880
-0.502382310528748,-0.863623214998569,0.042035182684654
-0.504438805072336,-0.862418841771392,0.042133517475804
-0.506506221342966,-0.861201419703197,0.042232244104092
-0.508584599842549,-0.859970790447477,0.042331364024049
-0.510673980394616,-0.858726793737959,0.042430878666894
-0.512774402114562,-0.857469267370973,0.042530789439419
-0.514885903379104,-0.856198047187932,0.042631097722854
-0.517008521794954,-0.854912967057937,0.042731804871683
-0.519142294166682,-0.853613858860524,0.042832912212442
-0.521287256463760,-0.852300552468573,0.042934421042471
-0.523443443786756,-0.850972875731381,0.043036332628647
-0.525610890332696,-0.849630654457938,0.043138648206064
-0.527789629359529,-0.848273712400398,0.043241368976691
-0.529979693149724,-0.846901871237789,0.043344496107988
-0.532181112972961,-0.845514950559963,0.043448030731484
-0.534393919047893,-0.844112767851813,0.043551973941320
-0.536618140502994,-0.842695138477774,0.043656326792748
-0.538853805336425,-0.841261875666642,0.043761090300599
-0.541100940374969,-0.839812790496711,0.043866265437704
-0.543359571231945,-0.838347691881276,0.043971853133270
-0.545629722264150,-0.836866386554503,0.044077854271229
-0.547911416527771,-0.835368679057709,0.044184269688527
-0.550204675733265,-0.833854371726073,0.044291100173381
-0.552509520199189,-0.832323264675793,0.044398346463487
-0.554825968804972,-0.830775155791735,0.044506009244184
-0.557154038942593,-0.829209840715592,0.044614089146574
-0.559493746467176,-0.827627112834582,0.044722586745590
-0.561845105646459,-0.826026763270724,0.044831502558024
-0.564208129109142,-0.824408580870712,0.044940837040499
-0.566582827792087,-0.822772352196431,0.045050590587400
-0.568969210886367,-0.821117861516144,0.045160763528746
-0.571367285782125,-0.819444890796384,0.045271356128022
-0.573777058012263,-0.817753219694588,0.045382368579950
-0.576198531194917,-0.816042625552517,0.045493801008215
-0.578631706974719,-0.814312883390483,0.045605653463134
-0.581076584962828,-0.812563765902453,0.045717925919272
-0.583533162675722,-0.810795043452033,0.045830618273006
-0.586001435472726,-0.809006484069409,0.045943730340034
-0.588481396492292,-0.807197853449266,0.046057261852824
-0.590973036586975,-0.805368914949744,0.046171212458011
-0.593476344257142,-0.803519429592464,0.046285581713736
-0.595991305583371,-0.801649156063690,0.046400369086929
-0.598517904157545,-0.799757850716648,0.046515573950530
-0.601056121012634,-0.797845267575088,0.046631195580653
-0.603605934551144,-0.795911158338111,0.046747233153695
-0.606167320472240,-0.793955272386329,0.046863685743379
-0.608740251697543,-0.791977356789405,0.046980552317738
-0.611324698295562,-0.789977156315044,0.047097831736045
-0.613920627404810,-0.787954413439469,0.047215522745671
-0.616528003155553,-0.785908868359462,0.047333623978892
-0.619146786590221,-0.783840259006023,0.047452133949631
-0.621776935582467,-0.781748321059701,0.047571051050131
-0.624418404754885,-0.779632787967679,0.047690373547581
-0.627071145395380,-0.777493390962659,0.047810099580663
-0.629735105372202,-0.775329859083623,0.047930227156052
-0.632410229047655,-0.773141919198542,0.048050754144843
-0.635096457190469,-0.770929296029089,0.048171678278920
-0.637793726886868,-0.768691712177446,0.048292997147265
-0.640501971450340,-0.766428888155250,0.048414708192202
-0.643221120330097,-0.764140542414792,0.048536808705580
-0.645951099018298,-0.761826391382497,0.048659295824898
-0.648691828955984,-0.759486149494803,0.048782166529365
-0.651443227437802,-0.757119529236486,0.048905417635903
-0.654205207515503,-0.754726241181543,0.049029045795093
-0.656977677900271,-0.752305994036670,0.049153047487055
-0.659760542863878,-0.749858494687469,0.049277419017279
-0.662553702138723,-0.747383448247416,0.049402156512393
-0.665357050816780,-0.744880558109715,0.049527255915879
-0.668170479247478,-0.742349526002105,0.049652712983737
-0.670993872934583,-0.739790052044702,0.049778523280087
-0.673827112432092,-0.737201834810975,0.049904682172732
-0.676670073239203,-0.734584571391948,0.050031184828663
-0.679522625694416,-0.731937957463699,0.050158026209519
-0.682384634868811,-0.729261687358256,0.050285201067003
-0.685255960458544,-0.726555454137998,0.050412703938249
-0.688136456676662,-0.723818949673619,0.050540529141155
-0.691025972144263,-0.721051864725771,0.050668670769672
-0.693924349781096,-0.718253889030470,0.050797122689060
-0.696831426695653,-0.715424711388372,0.050925878531107
-0.699747034074862,-0.712564019757967,0.051054931689325
-0.702670997073424,-0.709671501352852,0.051184275314107
-0.705603134702919,-0.706746842743108,0.051313902307877
-0.708543259720751,-0.703789729960924,0.051443805320204
-0.711491178519029,-0.700799848610518,0.051573976742913
-0.714446691013504,-0.697776883982483,0.051704408705173
-0.717409590532647,-0.694720521172615,0.051835093068592
-0.720379663706996,-0.691630445205338,0.051966021422290
-0.723356690358884,-0.688506341161787,0.052097185077997
-0.726340443392676,-0.685347894312660,0.052228575065137
-0.729330688685640,-0.682154790255898,0.052360182125936
-0.732327184979585,-0.678926715059303,0.052491996710549
-0.735329683773421,-0.675663355408131,0.052624008972206
-0.738337929216764,-0.672364398757786,0.052756208762389
-0.741351658004770,-0.669029533491650,0.052888585626050
-0.744370599274321,-0.665658449084134,0.053021128796866
-0.747394474501770,-0.662250836269013,0.053153827192551
-0.750422997402375,-0.658806387213119,0.053286669410220
-0.753455873831630,-0.655324795695423,0.053419643721821
-0.756492801688667,-0.651805757291599,0.053552738069644
-0.759533470821913,-0.648248969564078,0.053685940061898
-0.762577562937215,-0.644654132257660,0.053819236968397
-0.765624751508618,-0.641020947500730,0.053952615716327
-0.768674701692021,-0.637349120012070,0.054086062886134
-0.771727070241924,-0.633638357313337,0.054219564707517
-0.774781505431472,-0.629888369947206,0.054353107055560
-0.777837646976054,-0.626098871701180,0.054486675446988
-0.780895125960664,-0.622269579837080,0.054620255036582
-0.783953564771289,-0.618400215326215,0.054753830613744
-0.787012577030537,-0.614490503090210,0.054887386599228
-0.790071767537804,-0.610540172247461,0.055020907042060
-0.793130732214180,-0.606548956365220,0.055154375616642
-0.796189058052427,-0.602516593717198,0.055287775620055
-0.799246323072222,-0.598442827546723,0.055421089969586
-0.802302096280991,-0.594327406335309,0.055554301200475
-0.805355937640595,-0.590170084076603,0.055687391463900
-0.808407398040148,-0.585970620555609,0.055820342525217
-0.811456019275241,-0.581728781633097,0.055953135762462
-0.814501334033888,-0.577444339535066,0.056085752165130
-0.817542865889457,-0.573117073147156,0.056218172333247
-0.820580129300906,-0.568746768313842,0.056350376476741
-0.823612629620590,-0.564333218142284,0.056482344415133
-0.826639863108857,-0.559876223312294,0.056614055577510
-0.829661316962529,-0.555375592382130,0.056745489003089
-0.832676469340127,-0.550831142115725,0.056876623341631
-0.835684789407964,-0.546242697795970,0.057007436854744
-0.838685737389093,-0.541610093550779,0.057137907417314
-0.841678764622919,-0.536933172680657,0.057268012519377
-0.844663313634468,-0.532211787989396,0.057397729268410
-0.847638818213634,-0.527445802117572,0.057527034392048
-0.850604703504657,-0.522635087878607,0.057655904241238
-0.853560386106148,-0.517779528596998,0.057784314793844
-0.856505274181905,-0.512879018448446,0.057912241658721
-0.859438767582815,-0.507933462801477,0.058039660080265
-0.862360257980088,-0.502942778560203,0.058166544943453
-0.865269129010090,-0.497906894507818,0.058292870779382
-0.868164756430990,-0.492825751650449,0.058418611771329
-0.871046508291520,-0.487699303560844,0.058543741761333
-0.873913745111970,-0.482527516721585,0.058668234257306
-0.876765820077731,-0.477310370867209,0.058792062440703
-0.879602079245489,-0.472047859324893,0.058915199174736
-0.882421861762344,-0.466739989353050,0.059037617013162
-0.885224500097926,-0.461386782477465,0.059159288209632
-0.888009320289699,-0.455988274824346,0.059280184727634
-0.890775642201616,-0.450544517449721,0.059400278251013
-0.893522779796145,-0.445055576664684,0.059519540195088
-0.896250041419841,-0.439521534355861,0.059637941718368
-0.898956730102478,-0.433942488300467,0.059755453734865
-0.901642143869794,-0.428318552475434,0.059872046927016
-0.904305576069888,-0.422649857359859,0.059987691759211
-0.906946315713228,-0.416936550230259,0.060102358491931
-0.909563647826257,-0.411178795447899,0.060216017196486
-0.912156853818542,-0.405376774737567,0.060328637770363
-0.914725211863352,-0.399530687457133,0.060440189953181
-0.917267997291575,-0.393640750857205,0.060550643343235
-0.919784482998785,-0.387707200330238,0.060659967414642
-0.922273939865332,-0.381730289648351,0.060768131535065
-0.924735637189183,-0.375710291189236,0.060875104984023
-0.927168843131311,-0.369647496149422,0.060980856971757
-0.929572825173325,-0.363542214744267,0.061085356658666
-0.931946850587057,-0.357394776393892,0.061188573175276
-0.934290186915701,-0.351205529894550,0.061290475642740
-0.936602102466201,-0.344974843574546,0.061391033193855
-0.938881866812385,-0.338703105434261,0.061490214994566
-0.941128751308455,-0.332390723269451,0.061587990265955
-0.943342029612295,-0.326038124777320,0.061684328306672
-0.945520978218112,-0.319645757644629,0.061779198515817
-0.947664876997804,-0.313214089617356,0.061872570416204
-0.949773009750500,-0.306743608551202,0.061964413678033
-0.951844664759617,-0.300234822442444,0.062054698142899
-0.953879135356755,-0.293688259438619,0.062143393848132
-0.955875720491767,-0.287104467828459,0.062230471051434
-0.957833725308245,-0.280484016010613,0.062315900255776
-0.959752461723666,-0.273827492440720,0.062399652234528
-0.961631249013378,-0.267135505556474,0.062481698056774
-0.963469414397671,-0.260408683680055,0.062562009112801
-0.965266293630989,-0.253647674897922,0.062640557139694
-0.967021231592476,-0.246853146917375,0.062717314247021
-0.968733582876924,-0.240025786899733,0.062792252942559
-0.970402712385195,-0.233166301269908,0.062865346158016
-0.972027995913181,-0.226275415502173,0.062936567274716
-0.973608820738327,-0.219353873881978,0.063005890149202
-0.975144586202742,-0.212402439243779,0.063073289138708
-0.976634704291919,-0.205421892684683,0.063138739126455
-0.978078600207997,-0.198413033254243,0.063202215546741
-0.979475712936627,-0.191376677620122,0.063263694409757
-0.980825495806384,-0.184313659709871,0.063323152326100
-0.982127417039667,-0.177224830329186,0.063380566530937
-0.983380960294116,-0.170111056756570,0.063435914907759
-0.984585625193509,-0.162973222314783,0.063489176011694
-0.985740927847077,-0.155812225919603,0.063540329092332
-0.986846401356288,-0.148628981606058,0.063589354116005
-0.987901596308065,-0.141424418032623,0.063636231787495
-0.988906081253466,-0.134199477963987,0.063680943571109
-0.989859443170853,-0.126955117732904,0.063723471711082
-0.990761287912605,-0.119692306681749,0.063763799251282
-0.991611240634483,-0.112412026584277,0.063801910054140
-0.992408946206698,-0.105115271048677,0.063837788818809
-0.993154069605871,-0.097803044902291,0.063871421098469
-0.993846296287023,-0.090476363559107,0.063902793316783
-0.994485332534811,-0.083136252370754,0.063931892783428
-0.995070905793177,-0.075783745962981,0.063958707708686
-0.995602764973235,-0.068419887551311,0.063983227217099
-0.996080680737172,-0.061045728257414,0.064005441360050
-0.996504445759905,-0.053662326396343,0.064025341127376
-0.996873874965875,-0.046270746762018,0.064042918457906
-0.997188805741404,-0.038872059899885,0.064058166248901
-0.997449098121955,-0.031467341370412,0.064071078364400
-0.997654634953873,-0.024057671004389,0.064081649642462
-0.997805322030252,-0.016644132151346,0.064089875901227
-0.997901088200606,-0.009227810922062,0.064095753943874
-0.997941885454106,-0.001809795427156,0.064099281562393
-0.997941885454106,-0.001809795427156,0.064099281562393
